<?xml version="1.0" encoding="utf-8"?>
<ModelsMap Version="1" Scope="TestScope">
	<Entity Name="Child" PluralName="Children" Table="child" Schema="dbo" Visibility="public" HasDataset="true">
		<Property Name="ChildId" Type="Int32" DbName="child_id" PrimaryKey="true" IsDbGenerated="true" AllowNull="false" Ordinal="1" />
		<Property Name="ChildName" Type="string" DbName="child_name" Size="10" AllowNull="true" Ordinal="2" />
		<Property Name="ParentId" Type="Int32" DbName="parent_id" AllowNull="true" Ordinal="3" />
		<Relationship Name="GrandChild" PluralName="GrandChilds" RelatedEntity="GrandChild" RelatedProperty="ChildId" PropertyName="ChildId" Type="Int32" Cardinality="OneToMany" LazyLoad="true" />
		<Relationship Name="Parent" RelatedEntity="Parent" RelatedProperty="ParentId" PropertyName="ParentId" Type="Int32" Cardinality="OneToOne" LazyLoad="true" />
		<Command Name="get" />
		<Command Name="delete" />
		<Command Name="create" />
		<Command Name="update" />
	</Entity>
	<Entity Name="GrandChild" PluralName="GrandChilds" Table="grand_child" Schema="dbo" Visibility="public" HasDataset="true">
		<Property Name="GrandChildId" Type="Int32" DbName="grand_child_id" PrimaryKey="true" IsDbGenerated="true" AllowNull="false" Ordinal="1" />
		<Property Name="GrandChildName" Type="string" DbName="grand_child_name" Size="10" AllowNull="true" Ordinal="2" />
		<Property Name="ChildId" Type="Int32" DbName="child_id" AllowNull="true" Ordinal="3" />
		<Relationship Name="Child" RelatedEntity="Child" RelatedProperty="ChildId" PropertyName="ChildId" Type="Int32" Cardinality="OneToOne" LazyLoad="true" />
		<Command Name="get" />
		<Command Name="delete" />
		<Command Name="create" />
		<Command Name="update" />
	</Entity>
	<Entity Name="Parent" PluralName="Parents" Table="parent" Schema="dbo" Visibility="public" HasDataset="true">
		<Property Name="ParentId" Type="Int32" DbName="parent_id" PrimaryKey="true" IsDbGenerated="true" AllowNull="false" Ordinal="1" />
		<Property Name="ParentName" Type="string" DbName="parent_name" Size="10" AllowNull="false" Ordinal="2" />
		<Relationship Name="Child" PluralName="Children" RelatedEntity="Child" RelatedProperty="ParentId" PropertyName="ParentId" Type="Int32" Cardinality="OneToMany" LazyLoad="true" />
		<Command Name="get" />
		<Command Name="delete" />
		<Command Name="create" />
		<Command Name="update" />
	</Entity>
</ModelsMap>
