<?xml version="1.0" encoding="utf-8"?> 
<ModelsMap Version="1" Scope="TestScope">
  <Entity Name="Batch" PluralName="Batches" Table="batch" Schema="ledgerservice" Visibility="public" HasDataset="true">
    <Property Name="BatchId" Type="Int64" DbName="batch_id" PrimaryKey="true" IsDbGenerated="true" AllowNull="false" />
    <Property Name="Name" Type="string" DbName="name" Size="50" AllowNull="true" />
    <Property Name="CompanyUuid" Type="Guid" DbName="company_uuid" AllowNull="false" />
    <Property Name="UserUuid" Type="Guid" DbName="user_uuid" AllowNull="false" />
    <Property Name="RetainBatch" Type="bool" DbName="retain_batch" />
    <Property Name="SharedBatch" Type="bool" DbName="shared_batch" />
    <Property Name="IsDefault" Type="bool" DbName="is_default" />
    <Property Name="AllowJournals" Type="bool" DbName="allow_journals" />
    <Property Name="AllowPayables" Type="bool" DbName="allow_payables" />
    <Property Name="AllowReceivables" Type="bool" DbName="allow_receivables" />
    <Property Name="AllowPettyCash" Type="bool" DbName="allow_pettycash" />
    <Property Name="AllowCreditCard" Type="bool" DbName="allow_creditcard" />
    <Command Name="get" />
    <Command Name="delete" />
    <Command Name="create" />
    <Command Name="update" />
  </Entity>
  <Entity Name="CaSubsystemType" PluralName="CaSubsystemTypes" Table="subsystem_type" Schema="ledgerservice" Visibility="public" HasDataset="true">
    <Property Name="SubsystemType" Type="string" DbName="subsystem_type" Size="10" PrimaryKey="true" IsDbGenerated="false" AllowNull="false" />
    <Property Name="Description" Type="string" DbName="description" Size="30" AllowNull="true" />
    <Command Name="get" />
  </Entity>
  <Entity Name="CaGlTransactionType" PluralName="CaGlTransactionTypes" Table="gl_transaction_type" Schema="ledgerservice" Visibility="public" HasDataset="true">
    <Property Name="GlTransactionType" Type="string" DbName="gl_transaction_type" Size="30" PrimaryKey="true" IsDbGenerated="false" AllowNull="false" />
    <Property Name="SubsystemType" Type="string" DbName="subsystem_type" Size="10" AllowNull="false" />
    <Property Name="IsSystemOnly" Type="bool" DbName="is_system_only" Size="10" AllowNull="false" />
    <Relationship Name="CaSubsystemType" PluralName="CaSubsystemTypes" RelatedEntity="CaSubsystemType" RelatedProperty="SubsystemType" PropertyName="SubsystemType" Type="string" Cardinality="OneToOne" LazyLoad="true" />
    <Command Name="get" />
  </Entity>
  <Entity Name="CaPostState" PluralName="CaPostStates" Table="post_state" Schema="ledgerservice" Visibility="public" HasDataset="true">
    <Property Name="PostState" Type="string" DbName="post_state" Size="20" PrimaryKey="true" IsDbGenerated="false" AllowNull="false" />
    <Command Name="get" />
  </Entity>
  <Entity Name="CaRecurrenceType" PluralName="CaRecurrenceTypes" Table="recurrence_type" Schema="ledgerservice" Visibility="public" HasDataset="true">
    <Property Name="RecurrenceType" Type="string" DbName="recurrence_type" Size="20" PrimaryKey="true" IsDbGenerated="false" AllowNull="false" />
    <Command Name="get" />
  </Entity>
  <Entity Name="LedgerCompany" PluralName="LedgerCompanies" Table="ledger_company" Schema="ledgerservice" Visibility="public" HasDataset="true">
    <Property Name="LedgerCompanyId" Type="Int64" DbName="ledger_company_id" PrimaryKey="true" IsDbGenerated="true" AllowNull="false" />
    <Property Name="CompanyUuid" Type="Guid" DbName="company_uuid" AllowNull="false" />
    <Relationship Name="GlTransaction" PluralName="GlTransactions" RelatedEntity="GlTransaction" RelatedProperty="LedgerCompanyId" PropertyName="LedgerCompanyId" Type="Int64" Cardinality="OneToOne" LazyLoad="true" />
    <Relationship Name="CaTaxCredit" PluralName="CaTaxCredits" RelatedEntity="CaTaxCredit" RelatedProperty="LedgerCompanyId" PropertyName="LedgerCompanyId" Type="Int64" Cardinality="OneToMany" LazyLoad="true" />
    <Command Name="get" />
    <Command Name="create" />
    <Command Name="delete" />
    <Command Name="update" />
  </Entity>
  <Entity Name="LedgerProject" PluralName="LedgerProjects" Table="ledger_project" Schema="ledgerservice" Visibility="public" HasDataset="true">
    <Property Name="LedgerProjectId" Type="Int64" DbName="ledger_project_id" PrimaryKey="true" IsDbGenerated="true" AllowNull="false" />
    <Property Name="ProjectUuid" Type="Guid" DbName="project_uuid" AllowNull="false" Ordinal="2" />
    <Command Name="delete" />
    <Command Name="update" />
    <Command Name="get" />
    <Command Name="create" />
  </Entity>
  <Entity Name="LedgerCoa" PluralName="LedgerCoas" Table="ledger_coa" Schema="ledgerservice" Visibility="public" HasDataset="true">
    <Property Name="LedgerCoaId" Type="Int64" DbName="ledger_coa_id" PrimaryKey="true" IsDbGenerated="true" AllowNull="false" />
    <Property Name="CoaUuid" Type="Guid" DbName="coa_uuid" AllowNull="false" Ordinal="2" />
    <Command Name="get" />
    <Command Name="create" />
    <Command Name="delete" />
    <Command Name="update" />
  </Entity>
  <Entity Name="CaTaxCredit" PluralName="CaTaxCredits" Table="ca_tax_credit" Schema="ledgerservice" Visibility="public" HasDataset="true">
    <Property Name="CaTaxCreditId" Type="Int64" DbName="ca_tax_credit_id" PrimaryKey="true" IsDbGenerated="true" AllowNull="false" />
    <Property Name="LedgerCompanyId" Type="Int64" DbName="ledger_company_id" AllowNull="false" />
    <Property Name="TaxCredit" Type="string" DbName="tax_credit" Size="50" AllowNull="true" />
    <Relationship Name="LedgerCompany" PluralName="LedgerCompanies" RelatedEntity="LedgerCompany" RelatedProperty="LedgerCompanyId" PropertyName="LedgerCompanyId" Type="Int64" Cardinality="OneToOne" LazyLoad="true" />
    <Command Name="get" />
    <Command Name="create" />
    <Command Name="delete" />
    <Command Name="update" />
  </Entity>
  <Entity Name="GlAccount" PluralName="GlAccounts" Table="gl_account" Schema="ledgerservice" Visibility="public" HasDataset="true">
    <Property Name="GlAccountId" Type="Int64" DbName="gl_account_id" PrimaryKey="true" IsDbGenerated="true" AllowNull="false" />
    <Property Name="LedgerCoaId" Type="Int64" DbName="ledger_coa_id" AllowNull="true" />
    <Property Name="LedgerProjectId" Type="Int64" DbName="ledger_project_id" AllowNull="true" />
    <Property Name="CompanyDivisionIdCode" Type="string" DbName="company_division_id_code" Size="15" AllowNull="true" />
    <Property Name="CompanySubaccountIdCode" Type="string" DbName="company_subaccount_id_code" Size="15" AllowNull="true" />
    <Property Name="DetailIdCode" Type="string" DbName="detail_id_code" Size="15" AllowNull="true" />
    <Property Name="MemoFreeField1" Type="string" DbName="memo_freefield1" Size="15" AllowNull="true" />
    <Property Name="MemoFreeField2" Type="string" DbName="memo_freefield2" Size="15" AllowNull="true" />
    <Property Name="LedgerTaxCodeId" Type="Int64" DbName="ledger_tax_code_id" AllowNull="true" />
    <Property Name="IsSystemGenerated" Type="bool" DbName="is_system_generated" />
    <Relationship Name="LedgerCoa" PluralName="LedgerCoas" RelatedEntity="LedgerCoa" RelatedProperty="LedgerCoaId" PropertyName="LedgerCoaId" Type="Int64" Cardinality="OneToOne" LazyLoad="true" />
    <Relationship Name="LedgerProject" PluralName="LedgerProjects" RelatedEntity="LedgerProject" RelatedProperty="LedgerProjectId" PropertyName="LedgerProjectId" Type="Int64" Cardinality="OneToOne" LazyLoad="true" />
    <Relationship Name="LedgerTaxCode" PluralName="LedgerTaxCodes" RelatedEntity="LedgerTaxCode" RelatedProperty="LedgerTaxCodeId" PropertyName="LedgerTaxCodeId" Type="Int64" Cardinality="OneToOne" LazyLoad="true" />
    <Relationship Name="GlTransactionDetail" PluralName="GlTransactionDetails" RelatedEntity="GlTransactionDetail" RelatedProperty="GlAccountId" PropertyName="GlAccountId" Type="Int64" Cardinality="OneToMany" LazyLoad="true" />
    <Command Name="get" />
    <Command Name="delete" />
    <Command Name="update" />
    <Command Name="create" />
  </Entity>  
  <Entity Name="LedgerUser" PluralName="LedgerUsers" Table="ledger_user" Schema="ledgerservice" Visibility="public" HasDataset="true">
    <Property Name="LedgerUserId" Type="Int64" DbName="ledger_user_id" PrimaryKey="true" IsDbGenerated="true" AllowNull="false" />
    <Property Name="UserUuid" Type="Guid" DbName="user_uuid" AllowNull="false" />
    <UniqueKey Name="idx_unique_user_uuid" Properties="UserUuid"></UniqueKey>
    <Command Name="get" />
    <Command Name="create" />
    <Command Name="delete" />
    <Command Name="update" />
  </Entity>  
  <Entity Name="GlTransaction" PluralName="GlTransactions" Table="gl_transaction" Schema="ledgerservice" Visibility="public" HasDataset="true">
    <Property Name="GlTransactionId" Type="Int64" DbName="gl_transaction_id" PrimaryKey="true" IsDbGenerated="true" AllowNull="false" />
    <Property Name="ExternalId" Type="Guid" NullValue="uuid_generate_v1"  IsDbGenerated="true"  AllowNull="true"  DbName="external_id" />
    <Property Name="LedgerCompanyId" Type="Int64" DbName="ledger_company_id" AllowNull="true" />
    <Property Name="LedgerProjectId" Type="Int64" DbName="ledger_project_id" AllowNull="true" />
    <Property Name="BatchId" Type="Int64" DbName="batch_id" AllowNull="true" />
    <Property Name="SubsystemType" Type="string" DbName="subsystem_type" Size="10" AllowNull="false" />
    <Property Name="GlTransactionType" Type="string" DbName="gl_transaction_type" Size="30" AllowNull="false" />
    <Property Name="TransactionNumber" Type="string" DbName="transaction_number" Size="30" AllowNull="true" />
    <Property Name="CreatedTs" Type="DateTime" DbName="created_ts" AllowNull="true" />
    <Property Name="DocumentNumber" Type="string" DbName="document_number" Size="30" AllowNull="true" />
    <Property Name="DocumentDate" Type="DateTime" DbName="document_date" AllowNull="true" />
    <Property Name="Description" Type="string" DbName="description" Size="100" AllowNull="true" />
    <Property Name="PostDate" Type="DateTime" DbName="post_date" AllowNull="true" />
    <Property Name="PostState" Type="string" Size="20" DbName="post_state"  AllowNull="true" />
    <Property Name="ReversalDate" Type="DateTime" DbName="reversal_date" AllowNull="true" />
    <Property Name="ReferenceGlTransactionId" Type="Int64" DbName="reference_gl_transaction_id" AllowNull="true" />
    <Property Name="RecurrenceType" Type="string" DbName="recurrence_type" Size="20" AllowNull="true" />
    <Property Name="RecurrenceStartDate" Type="DateTime" DbName="recurrence_start_date" AllowNull="true" />
    <Property Name="RecurrenceEndDate" Type="DateTime" DbName="recurrence_end_date" AllowNull="true" />
    <Property Name="ThirteenthPeriod" Type="bool" DbName="thirteenth_period" />
    <Property Name="CreatedByUser" Type="Guid" DbName="created_by_user" AllowNull="false" />
    <Property Name="LastModifiedUser" Type="Guid" DbName="last_modified_user" AllowNull="false" />
    <Property Name="HasErrors" Type="bool" DbName="has_errors" />
    <Property Name="DocumentAmount" Type="double" DbName="document_amount" AllowNull="true" />
    <Property Name="ISOCurrencyCode" Type="string" DbName="iso_currency_code" Size="3" AllowNull="true" />
    <Property Name="IsARStartUp" Type="bool" DbName="is_ar_startup" />
    <Relationship Name="LedgerCompany" PluralName="LedgerCompanies" RelatedEntity="LedgerCompany" RelatedProperty="LedgerCompanyId" PropertyName="LedgerCompanyId" Type="Int64" Cardinality="OneToOne" LazyLoad="true" />
    <Relationship Name="LedgerProject" PluralName="LedgerProjects" RelatedEntity="LedgerProject" RelatedProperty="LedgerProjectId" PropertyName="LedgerProjectId" Type="Int64" Cardinality="OneToOne" LazyLoad="true" />
    <Relationship Name="Batch" PluralName="Batches" RelatedEntity="Batch" RelatedProperty="BatchId" PropertyName="BatchId" Type="Int64" Cardinality="OneToOne" LazyLoad="true" />
    <Relationship Name="CaSubsystemType" PluralName="CaSubsystemTypes" RelatedEntity="CaSubsystemType" RelatedProperty="SubsystemType" PropertyName="SubsystemType" Type="string" Cardinality="OneToOne" LazyLoad="true" />
    <Relationship Name="CaGlTransactionType" PluralName="CaGlTransactionTypes" RelatedEntity="CaGlTransactionType" RelatedProperty="GlTransactionType" PropertyName="GlTransactionType" Type="string" Cardinality="OneToOne" LazyLoad="true" />
    <Relationship Name="CaPostState" PluralName="CaPostStates" RelatedEntity="CaPostState" RelatedProperty="PostState" PropertyName="PostState" Type="string" Cardinality="OneToOne" LazyLoad="true" />
    <Relationship Name="CaRecurrenceType" PluralName="CaRecurrenceTypes" RelatedEntity="CaRecurrenceType" RelatedProperty="RecurrenceType" PropertyName="RecurrenceType" Type="string" Cardinality="OneToOne" LazyLoad="true" />
    <Command Name="get" />
    <Command Name="create" />
    <Command Name="update" />
  </Entity>
  <Entity Name="GlTransactionDetail" PluralName="GlTransactionDetails" Table="gl_transaction_detail" Schema="ledgerservice" Visibility="public" HasDataset="true">
    <Property Name="GlTransactionDtailId" Type="Int64" DbName="gl_transaction_detail_id" PrimaryKey="true" IsDbGenerated="true" AllowNull="false" />
    <Property Name="GlTransactionId" Type="Int64" DbName="gl_transaction_id" AllowNull="false" />
    <Property Name="LineNumber" Type="Int32" DbName="line_number" AllowNull="false" />
    <Property Name="Amount" Type="double" DbName="amount" AllowNull="true" />
    <Property Name="Description" Type="string" DbName="description" Size="100" AllowNull="true" />
    <Property Name="LedgerVendorId" Type="Int64" DbName="ledger_vendor_id" AllowNull="true" />
    <Property Name="CaTaxCreditId" Type="Int64" DbName="ca_tax_credit_id" AllowNull="true" />
    <Property Name="ReferenceGlTransactionId" Type="Int64" DbName="reference_gl_transaction_id" AllowNull="true" />
    <Property Name="ReferenceGlTransactionDetailId" Type="Int64" DbName="reference_gl_transaction_detail_id" AllowNull="true" />
    <Property Name="ParentLineNumber" Type="Int32" DbName="parent_line_number" AllowNull="true" />
    <Property Name="GlAccountId" Type="Int64" DbName="gl_account_id"  AllowNull="true" />
    <Property Name="ChargeDate" Type="DateTime" DbName="charge_date" AllowNull="true" />
    <Relationship Name="GlTransaction" PluralName="GlTransactions" RelatedEntity="GlTransaction" RelatedProperty="GlTransactionId" PropertyName="GlTransactionId" Type="Int64" Cardinality="OneToOne" LazyLoad="true" />
    <Relationship Name="CaTaxCredit" PluralName="CaTaxCredits" RelatedEntity="CaTaxCredit" RelatedProperty="CaTaxCreditId" PropertyName="CaTaxCreditId" Type="Int64" Cardinality="OneToOne" LazyLoad="true" />
    <Relationship Name="GlAccount" PluralName="GlAccounts" RelatedEntity="GlAccount" RelatedProperty="GlAccountId" PropertyName="GlAccountId" Type="Int64" Cardinality="OneToOne" LazyLoad="true" />
    <Command Name="get" />
    <Command Name="create" />
    <Command Name="delete" />
    <Command Name="update" />
  </Entity>
  <Entity Name="ViewHeaderTransaction" PluralName="ViewHeaderTransactions" Table="v_HeaderTransactions" Schema="ledgerservice" Visibility="View" HasDataset="true">
    <Property Name="GlTransactionId" Type="Int64" DbName="gl_transaction_id" PrimaryKey="true" IsDbGenerated="true" AllowNull="false" />
    <Property Name="LedgerProjectId" Type="Int64" AllowNull="true" DbName="ledger_project_id" />
    <Property Name="ReferenceGlTransactionId" Type="Int64" DbName="reference_gl_transaction_id" AllowNull="true" />
    <Property Name="ExternalId" Type="Guid" DbName="external_id" AllowNull="true" />
    <Property Name="SubSystemType" Type="string" DbName="subsystem_type" />
    <Property Name="GlTransactionType" Type="string" DbName="gl_transaction_type" />
    <Property Name="TransactionNumber" Type="string" DbName="transaction_number" />
    <Property Name="CreatedTs" Type="DateTime" DbName="created_ts"  AllowNull="true" />
    <Property Name="DocumentNumber" Type="string" DbName="document_number" />
    <Property Name="DocumentDate" Type="DateTime" DbName="document_date"  AllowNull="true" />
    <Property Name="Description" Type="string" DbName="description" />
    <Property Name="PostDate" Type="DateTime" DbName="post_date"  AllowNull="true" />
    <Property Name="PostState" Type="string" DbName="post_state"  AllowNull="true" />
    <Property Name="RecurrenceType" Type="string" DbName="recurrence_type" />
    <Property Name="RecurrenceStartDate" Type="DateTime" DbName="recurrence_start_date"  AllowNull="true" />
    <Property Name="RecurrenceEndDate" Type="DateTime" DbName="recurrence_end_date"  AllowNull="true" />
    <Property Name="ThirteenthPeriod" Type="bool" DbName="thirteenth_period"  AllowNull="true" />
    <Property Name="CreatedByUser" Type="Guid" DbName="created_by_user"  AllowNull="true" />
    <Property Name="LastModifiedUser" Type="Guid" DbName="last_modified_user" AllowNull="true" />
    <Property Name="HasErrors" Type="bool" DbName="has_errors" AllowNull="true" />
    <Property Name="CompanyUuid" Type="Guid" DbName="company_uuid" AllowNull="true" />
    <Property Name="BatchId" Type="Int64" DbName="batch_id" AllowNull="true" />
    <Property Name="BatchName" Type="string" DbName="batch_name" />
    <Property Name="RetainBatch" Type="bool" DbName="retain_batch" AllowNull="true" />
    <Property Name="SharedBatch" Type="bool" DbName="shared_batch" AllowNull="true" />
    <Property Name="IsDefault" Type="bool" DbName="is_default" AllowNull="true" />
    <Property Name="AllowJournals" Type="bool" DbName="allow_journals" AllowNull="true" />
    <Property Name="AllowPayables" Type="bool" DbName="allow_payables" AllowNull="true" />
    <Property Name="AllowReceivables" Type="bool" DbName="allow_receivables" AllowNull="true" />
    <Property Name="AllowPettyCash" Type="bool" DbName="allow_pettycash" AllowNull="true" />
    <Property Name="AllowCreditCard" Type="bool" DbName="allow_creditcard" AllowNull="true" />
    <Property Name="TotalAmount" Type="double" DbName="total_amount" AllowNull="true" />
    <Property Name="DocumentAmount" Type="double" DbName="document_amount" AllowNull="true" />
    <Property Name="PaymentInfoId" Type="Int64" DbName="payment_info_id" AllowNull="true" />
    <Property Name="ReferencePO" Type="string" DbName="reference_po" />
    <Property Name="VendorUuid" Type="Guid" DbName="vendor_uuid" />
    <Property Name="DueDate" Type="DateTime" DbName="due_date"  AllowNull="true" />
    <Property Name="CustomerUuid" Type="Guid" DbName="customer_uuid" AllowNull="true" />
    <Property Name="SalesRepUuid" Type="Guid" DbName="sales_rep_uuid" AllowNull="true" />
    <Property Name="BankExternalId" Type="Guid" DbName="bank_uuid" />
    <Property Name="PaymentType" Type="string" DbName="payment_type" />
    <Property Name="PaymentRef" Type="string" DbName="payment_ref" />
    <Property Name="PaymentDate" Type="DateTime" DbName="payment_date" AllowNull="true" />
    <Property Name="Project" Type="string" DbName="project" AllowNull="true" />
    <Property Name="ProjectUuid" Type="Guid" DbName="project_uuid" AllowNull="true" />
    <Property Name="HoldPayment" Type="bool" DbName="hold_payment" AllowNull="true" />
    <Property Name="BalanceAmount" Type="double" DbName="balance_amount" AllowNull="true" />
    <Property Name="PaymentIds" Type="text" DbName="payment_ids" />
    <Property Name="LastPaymentDate" Type="DateTime" DbName="last_payment_date" AllowNull="true" />
    <Property Name="PayeeName" Type="string" DbName="payee_name" AllowNull="true" />
    <Property Name="RecordLockId" JsonName="record_lock_id" Type="Int64" DbName="record_lock_id" AllowNull="true" />
    <Property Name="RecordLockUserUuid" JsonName="record_lock_user_uuid" Type="Guid" DbName="record_lock_user_uuid" AllowNull="true" />
    <Command Name="get" />
  </Entity>
  <Entity Name="ViewLineTransactionDetail" PluralName="ViewLineTransactionDetails" Table="v_linetransactiondetails" Schema="ledgerservice" Visibility="View" HasDataset="true">
    <Property Name="GlTransactionId" Type="Int64" DbName="gl_transaction_id" PrimaryKey="true" IsDbGenerated="true" AllowNull="false" />
    <Property Name="LedgerProjectId" Type="Int64" AllowNull="true" DbName="ledger_project_id" />
    <Property Name="ReferenceGlTransactionId" Type="Int64" DbName="reference_gl_transaction_id" AllowNull="true" />
    <Property Name="ExternalId" Type="Guid" DbName="external_id" AllowNull="true" />
    <Property Name="SubSystemType" Type="string" DbName="subsystem_type" />
    <Property Name="GlTransactionType" Type="string" DbName="gl_transaction_type" />
    <Property Name="TransactionNumber" Type="string" DbName="transaction_number" />
    <Property Name="CreatedTs" Type="DateTime" DbName="created_ts"  AllowNull="true" />
    <Property Name="DocumentNumber" Type="string" DbName="document_number" />
    <Property Name="DocumentDate" Type="DateTime" DbName="document_date"  AllowNull="true" />
    <Property Name="GlDescription" Type="string" DbName="gl_description" />
    <Property Name="PostDate" Type="DateTime" DbName="post_date"  AllowNull="true" />
    <Property Name="PostState" Type="string" DbName="post_state"  AllowNull="true" />
    <Property Name="RecurrenceType" Type="string" DbName="recurrence_type" />
    <Property Name="RecurrenceStartDate" Type="DateTime" DbName="recurrence_start_date"  AllowNull="true" />
    <Property Name="RecurrenceEndDate" Type="DateTime" DbName="recurrence_end_date"  AllowNull="true" />
    <Property Name="ThirteenthPeriod" Type="bool" DbName="thirteenth_period"  AllowNull="true" />
    <Property Name="CreatedByUser" Type="Guid" DbName="created_by_user"  AllowNull="true" />
    <Property Name="LastModifiedUser" Type="Guid" DbName="last_modified_user" AllowNull="true" />
    <Property Name="HasErrors" Type="bool" DbName="has_errors" AllowNull="true" />
    <Property Name="CompanyUuid" Type="Guid" DbName="company_uuid" AllowNull="true" />
    <Property Name="ProjectUuid" Type="Guid" DbName="project_uuid" AllowNull="true" />
    <Property Name="GlTransactionDetailId" Type="Int64" DbName="gl_transaction_detail_id" AllowNull="true" />
    <Property Name="LineNumber" Type="Int64" DbName="line_number" AllowNull="true" />
    <Property Name="DetailDescription" Type="string" DbName="detail_description" AllowNull="true" />
    <Property Name="CaTaxCreditId" Type="Int64" DbName="ca_tax_credit_id" AllowNull="true" />
    <Property Name="LedgerCoaId" Type="Int64" DbName="ledger_coa_id" AllowNull="true" />
    <Property Name="CompanyDivisionIdCode" Type="string" DbName="company_division_id_code" AllowNull="true" />
    <Property Name="CompanySubaccountIdCode" Type="string" DbName="company_subaccount_id_code" AllowNull="true" />
    <Property Name="DetailIdCode" Type="string" DbName="detail_id_code" AllowNull="true" />
    <Property Name="MemoFreefield1" Type="string" DbName="memo_freefield1" AllowNull="true" />
    <Property Name="MemoFreefield2" Type="string" DbName="memo_freefield2" AllowNull="true" />
    <Property Name="Amount" Type="double" DbName="amount" AllowNull="true" />
    <Property Name="RefGlTransactionIdGlAccountId" Type="Int64" DbName="ref_gl_transaction_id_gl_account_details" AllowNull="true" />
    <Property Name="IsARStartUp" Type="bool" DbName="is_ar_startup" />
    <Property Name="DetailVendorUuid" Type="Guid" DbName="detail_vendor_uuid" AllowNull="true" />
    <Property Name="CoaUuid" Type="Guid" DbName="coa_uuid" AllowNull="true" />
    <Property Name="IsSystemGenerated" Type="bool" DbName="is_system_generated" />
    <Property Name="GlAccountId" Type="Int64" DbName="gl_account_id" AllowNull="true" />
    <Property Name="RecordLockId" JsonName="record_lock_id" Type="Int64" DbName="record_lock_id" AllowNull="true" />
    <Property Name="RecordLockUserUuid" JsonName="record_lock_user_uuid" Type="Guid" DbName="record_lock_user_uuid" AllowNull="true" />
    <Property Name="DocumentAmount" Type="double" DbName="document_amount" AllowNull="true"/>
    <Property Name="VendorUuid" Type="Guid" DbName="vendor_uuid" AllowNull="true" />
    <Property Name="ChargeDate" Type="DateTime" DbName="charge_date" AllowNull="true" />
    <Command Name="get" />
  </Entity>
  <Entity Name="PaymentInfo" PluralName="PaymentInfos" Table="payment_info" Schema="ledgerservice" Visibility="public" HasDataset="true">
    <Property Name="PaymentInfoId" Type="Int64" DbName="payment_info_id" PrimaryKey="true" IsDbGenerated="true" AllowNull="false" />
    <Property Name="GlTransactionId" Type="Int64" DbName="gl_transaction_id" AllowNull="false" />
    <Property Name="ReferencePO" Type="string" Size="50" DbName="reference_po" AllowNull="true" />
    <Property Name="LedgerBankId" Type="Int64" DbName="ledger_bank_id" AllowNull="true" />
    <Property Name="SendingBankId" Type="Int64" DbName="sending_bank_id" AllowNull="true" />
    <Property Name="VendorUuid" Type="Guid" DbName="vendor_uuid" AllowNull="true" />
    <Property Name="CustomerUuid" Type="Guid" DbName="customer_uuid" AllowNull="true" />
    <Property Name="SalesRepUuid" Type="Guid" DbName="sales_rep_uuid" AllowNull="true" />
    <Property Name="DueDate" Type="DateTime" DbName="due_date" AllowNull="true" />
    <Property Name="CheckMemo" Type="string" DbName="check_memo" AllowNull="true" Size="150" />
    <Property Name="HoldPayment" Type="bool" DbName="hold_payment" AllowNull="true" />
    <Relationship Name="GlTransaction" PluralName="GlTransactions" RelatedEntity="GlTransaction" RelatedProperty="GlTransactionId" PropertyName="GlTransactionId" Type="Int64" Cardinality="OneToOne" />
    <Command Name="get" />
    <Command Name="create" />
    <Command Name="delete" />
    <Command Name="update" />
  </Entity>
  <Entity Name="PositivePay" PluralName="PositivePays" Table="positive_pay" Schema="ledgerservice" Visibility="public" HasDataset="true">
    <Property Name="PositivePayId" Type="Int64" DbName="positive_pay_id" PrimaryKey="true" IsDbGenerated="true" AllowNull="false" />
    <Property Name="ExternalId" Type="Guid" DbName="external_id" IsDbGenerated="true"  AllowNull="true"/>
    <Property Name="LedgerBankId" Type="Int64" DbName="ledger_bank_id" AllowNull="false" />
    <Property Name="CreatedTime" Type="DateTime" DbName="created_time" AllowNull="false" />
    <Property Name="VoidCount" Type="Int32" DbName="void_count" AllowNull="false" NullValue="0"/>
    <Property Name="VoidAmount" Type="decimal" DbName="void_amount" AllowNull="false" NullValue="0" />
    <Property Name="CheckCount" Type="Int32" DbName="check_count" AllowNull="false" NullValue="0" />
    <Property Name="CheckAmount" Type="decimal" DbName="check_amount" AllowNull="false" NullValue="0" />
    <Property Name="FundingDate" Type="DateTime" DbName="funding_date" AllowNull="true" />
    <Property Name="FileName" Type="string" DbName="file_name" Size="255" AllowNull="true" />
    <Property Name="FileSize" Type="string" DbName="file_size" Size="255" AllowNull="true" />
    <Property Name="EomDate" Type="DateTime" DbName="eom_date" AllowNull="true" />
    <Property Name="IsLastTransfer" Type="bool" DbName="is_last_transfer" NullValue="false"/>
    <Property Name="RetransferTime" Type="DateTime" DbName="retransfer_time" AllowNull="true" />
    <Property Name="IsEft" Type="bool" DbName="is_eft" NullValue="false"/>
    <Property Name="IsAch" Type="bool" DbName="is_ach" NullValue="false"/>
    <Property Name="IsEpSend" Type="bool" DbName="is_ep_send" NullValue="false"/>
    <Property Name="TransferStatusId" Type="Int32" DbName="transfer_status_id"/>
    <Property Name="TransferStatusMessage" Type="string" DbName="transfer_status_message" Size="255" AllowNull="true" />
    <Property Name="TransferCode" Type="string" DbName="transfer_code" Size="4" AllowNull="true" />
    <UniqueKey Name="idx_unique_pos_pay_external_id" Properties="ExternalId"></UniqueKey>
    <Relationship Name="PositivePayPayment" JsonName="positive_pay_payments" PluralName="PositivePayPayments" RelatedEntity="PositivePayPayment" RelatedProperty="PositivePayId" PropertyName="PositivePayId" Type="Int64" Cardinality="OneToMany" />
    <Command Name="get" />
    <Command Name="create" />
    <Command Name="delete" />
    <Command Name="update" />
  </Entity>
  <Entity Name="PositivePayPayment" PluralName="PositivePayPayments" Table="positive_pay_payment" Schema="ledgerservice" Visibility="public" HasDataset="true">
    <Property Name="PositivePayPaymentId" Type="Int64" DbName="positive_pay_payment_id" PrimaryKey="true" IsDbGenerated="true" AllowNull="false" />
    <Property Name="PositivePayId" Type="Int64" DbName="positive_pay_id" AllowNull="false" />
    <Property Name="PaymentId" Type="Int64" DbName="payment_id" AllowNull="false" />
    <Command Name="get" />
    <Command Name="create" />
    <Command Name="delete" />
    <Command Name="update" />
  </Entity>
  <Entity Name="LedgerTaxForm" PluralName="LedgerTaxForms" Table="ledger_tax_form" Schema="ledgerservice" Visibility="public" HasDataset="true">
    <Property Name="LedgerTaxFormId" Type="Int64" DbName="ledger_tax_form_id" PrimaryKey="true" IsDbGenerated="true" AllowNull="false" />
    <Property Name="Name" Type="string" DbName="name" AllowNull="false" Size="50" />
    <Relationship Name="LedgerTaxCode" PluralName="LedgerTaxCodes" RelatedEntity="LedgerTaxCode" RelatedProperty="LedgerTaxFormId" PropertyName="LedgerTaxFormId" Type="Int64" Cardinality="OneToMany" />
    <Command Name="get" />
  </Entity>
  <Entity Name="LedgerTaxCode" PluralName="LedgerTaxCodes" Table="ledger_tax_code" Schema="ledgerservice" Visibility="public" HasDataset="true">
    <Property Name="LedgerTaxCodeId" Type="Int64" DbName="ledger_tax_code_id" PrimaryKey="true" IsDbGenerated="true" AllowNull="false" />
    <Property Name="LedgerTaxFormId" Type="Int64" DbName="ledger_tax_form_id" AllowNull="false" />
    <Property Name="TaxCode" Type="string" DbName="tax_code" AllowNull="false" Size="10" />
    <Relationship Name="LedgerTaxForm" PluralName="LedgerTaxForms" RelatedEntity="LedgerTaxForm" RelatedProperty="LedgerTaxFormId" PropertyName="LedgerTaxFormId" Type="Int64" Cardinality="OneToOne" />
    <Command Name="get" />
  </Entity>
  <Entity Name="GlTransactionPayment" PluralName="GlTransactionPayments" Table="gl_transaction_payment" Schema="ledgerservice" Visibility="public" HasDataset="true">
    <Property Name="GlTransactionPaymentId" Type="Int64" DbName="gl_transaction_payment_id" PrimaryKey="true" IsDbGenerated="true" AllowNull="false" />
    <Property Name="PaymentInfoId" Type="Int64" DbName="payment_info_id" AllowNull="false" />
    <Property Name="PaymentId" Type="Int64" DbName="payment_id" AllowNull="false" />
    <Command Name="get" />
    <Command Name="create" />
    <Command Name="delete" />
    <Command Name="update" />
  </Entity>
  <Entity Name="Payment" PluralName="Payments" Table="payment" Schema="ledgerservice" Visibility="public" HasDataset="true">
    <Property Name="PaymentId" Type="Int64" DbName="payment_id" PrimaryKey="true" IsDbGenerated="true" AllowNull="false" />
    <Property Name="ExternalId" Type="Guid" DbName="external_id" NullValue="uuid_generate_v1"  IsDbGenerated="true"  AllowNull="true"/>
    <Property Name="LedgerBankId" Type="Int64" DbName="ledger_bank_id" AllowNull="true" />
    <Property Name="PaymentType" Type="string" DbName="payment_type" Size="50" AllowNull="false" />
    <Property Name="PaymentNumber" Type="string" DbName="payment_number" Size="50" AllowNull="true" />
    <Property Name="VendorUuid" Type="Guid" DbName="vendor_uuid" AllowNull="true" />
    <Property Name="PaymentDate" Type="DateTime" DbName="payment_date" AllowNull="true" />
    <Property Name="CheckMemo" Type="string" DbName="check_memo" AllowNull="true" Size="150" />
    <Property Name="PaymentRef" Type="string" DbName="payment_ref" Size="100" AllowNull="true" />
    <Property Name="Amount" Type="decimal" DbName="amount" AllowNull="true" />
    <Property Name="CreatedTs" Type="DateTime" DbName="created_ts" AllowNull="false" />
    <Property Name="LedgerUserCreatedId" Type="Int64" DbName="ledger_user_created_id" AllowNull="true" />
    <Property Name="LedgerUserLastModifiedId" Type="Int64" DbName="ledger_user_last_modified_id" AllowNull="true" />
    <Property Name="PostedTs" Type="DateTime" DbName="posted_ts" AllowNull="true" />
    <Property Name="PostPaymentGlTransactionId" Type="Int64" DbName="post_payment_gl_transaction_id" AllowNull="true" />
    <Property Name="PayeeName" Type="string" DbName="payee_name" AllowNull="true" Size="150" />
    <Property Name="LedgerVendorId" Type="Int64" DbName="ledger_vendor_id" AllowNull="true" />
    <Property Name="AmountSubjectToTax" Type="decimal" DbName="amount_subject_to_tax" AllowNull="true" />
    <Property Name="DiscountAmount" Type="decimal" DbName="discount_amount" AllowNull="true" />
    <Relationship Name="PaymentType" PluralName="PaymentTypes" RelatedEntity="PaymentType" RelatedProperty="PaymentTypeValue" PropertyName="PaymentType" Type="string" Cardinality="OneToOne" LazyLoad="true" />
    <UniqueKey Name="idx_unique_payment_external_id" Properties="ExternalId"></UniqueKey>
    <UniqueKey Name="idx_unique_payment_bank_type_number" Properties="LedgerBankId,PaymentType,PaymentNumber"></UniqueKey>
    <Command Name="get" />
    <Command Name="create" />
    <Command Name="delete" />
    <Command Name="update" />
  </Entity>
  <Entity Name="LedgerBank" PluralName="LedgerBanks" Table="ledger_bank" Schema="ledgerservice" Visibility="public" HasDataset="true">
    <Property Name="LedgerBankId" Type="Int64" DbName="ledger_bank_id" PrimaryKey="true" IsDbGenerated="true" AllowNull="false" />
    <Property Name="BankUuid" Type="Guid" DbName="bank_uuid" AllowNull="false" />
    <UniqueKey Name="idx_unique_bank_uuid" Properties="BankUuid"></UniqueKey>
    <Command Name="get" />
    <Command Name="create" />
    <Command Name="delete" />
    <Command Name="update" />
  </Entity>
  <Entity Name="PaymentType" PluralName="PaymentTypes" Table="payment_type" Schema="ledgerservice" Visibility="public" HasDataset="true">
    <Property Name="PaymentTypeValue" Type="string" Size="50" DbName="payment_type" PrimaryKey="true" IsDbGenerated="true" AllowNull="false" />
    <Command Name="get" />
  </Entity>
  <Entity Name="LedgerVendor" PluralName="LedgerVendors" Table="ledger_vendor" Schema="ledgerservice" Visibility="public" HasDataset="true">
    <Property Name="LedgerVendorId" Type="Int64" DbName="ledger_vendor_id" PrimaryKey="true" IsDbGenerated="true" AllowNull="false" />
    <Property Name="VendorUuid" Type="Guid" DbName="vendor_uuid" AllowNull="false" />
    <UniqueKey Name="idx_unique_vendor_uuid" Properties="VendorUuid"></UniqueKey>
    <Command Name="get" />
    <Command Name="create" />
    <Command Name="delete" />
    <Command Name="update" />
  </Entity>
  <Entity Name="ViewBankActivity" PluralName="ViewBankActivities" Table="v_bankactivities" Schema="ledgerservice" Visibility="View" HasDataset="true">
    <Property Name="GlTransactionId" Type="Int64" DbName="gl_transaction_id" PrimaryKey="true" AllowNull="false" />
    <Property Name="ReferenceGlTransactionId" Type="Int64" DbName="reference_gl_transaction_id" AllowNull="true" />
    <Property Name="ExternalId" Type="Guid" DbName="external_id" AllowNull="true" />
    <Property Name="SubsystemType" Type="string" DbName="subsystem_type" />
    <Property Name="GlTransactionType" Type="string" DbName="gl_transaction_type" />
    <Property Name="DocumentNumber" Type="string" DbName="document_number" />
    <Property Name="DocumentDate" Type="DateTime" DbName="document_date" />
    <Property Name="PostState" Type="string" DbName="post_state" />
    <Property Name="Finalized" Type="bool" DbName="finalized" />
    <Property Name="DocumentAmount" Type="double" DbName="document_amount" AllowNull="true" />
    <Property Name="Debit" Type="double" DbName="debit" AllowNull="true" />
    <Property Name="Credit" Type="double" DbName="Credit" AllowNull="true" />
    <Property Name="VendorUuid" Type="string" DbName="vendor_uuid" />
    <Property Name="BankUuid" Type="string" DbName="bank_uuid" />
    <Property Name="ArGlTransactionId" Type="Int64" DbName="ar_gl_transaction_id" />
    <Property Name="PostPaymentGlTransactionId" Type="Int64" DbName="post_payment_gl_transaction_id" />
    <Property Name="DetailIdCode" Type="string" DbName="detail_id_code" />
    <Property Name="TransactionType" Type="string" DbName="transaction_type" />
    <Property Name="VoidDate" Type="DateTime" DbName="void_date" AllowNull="true" />
    <Property Name="BankActivityType" Type="string" DbName="bank_activity_type" />
    <Property Name="Description" Type="string" DbName="description" AllowNull="true" />
    <Property Name="StatementDate" Type="DateTime" DbName="statement_date" AllowNull="true" />
    <Property Name="BankReconciliationId" Type="Int64" DbName="bank_reconciliation_id" AllowNull="true" />
    <Property Name="GlTransactionDetailId" Type="Int64" DbName="gl_transaction_detail_id" />
    <Command Name="get" />
  </Entity>
  <Entity Name="POState" PluralName="POStates" Table="state" Schema="po" Visibility="public" HasDataset="true">
    <Property Name="State" Type="string" DbName="state" Size="20" PrimaryKey="true" IsDbGenerated="false" AllowNull="false" />
    <Command Name="get" />
  </Entity>
  <Entity Name="POTaxCredit" PluralName="TaxCredits" Table="tax_credit" Schema="po" Visibility="public" HasDataset="true">
    <Property Name="TaxCreditId" Type="Int64" DbName="tax_credit_id" PrimaryKey="true" IsDbGenerated="true" AllowNull="false" />
    <Property Name="CompanyId" Type="Int64" DbName="company_id" AllowNull="false" />
    <Property Name="TaxCredit" Type="string" DbName="tax_credit" Size="50" AllowNull="true" />
    <Relationship Name="Company" PluralName="Companies" RelatedEntity="Company" RelatedProperty="CompanyId" PropertyName="CompanyId" Type="Int64" Cardinality="OneToOne" LazyLoad="true" />
    <Command Name="get" />
    <Command Name="create" />
    <Command Name="delete" />
    <Command Name="update" />
  </Entity>
  <Entity Name="Company" PluralName="Companies" Table="company" Schema="po" Visibility="public" HasDataset="true">
    <Property Name="CompanyId" Type="Int64" DbName="company_id" PrimaryKey="true" IsDbGenerated="true" AllowNull="false" />
    <Property Name="CompanyUuid" Type="Guid" DbName="company_uuid" AllowNull="false" />
    <Relationship Name="PurchaseOrder" PluralName="PurchaseOrders" RelatedEntity="PurchaseOrder" RelatedProperty="CompanyId" PropertyName="CompanyId" Type="Int64" Cardinality="OneToOne" LazyLoad="true" />
    <Relationship Name="POTaxCredit" PluralName="POTaxCredits" RelatedEntity="POTaxCredit" RelatedProperty="CompanyId" PropertyName="CompanyId" Type="Int64" Cardinality="OneToMany" LazyLoad="true" />
    <Command Name="get" />
    <Command Name="create" />
    <Command Name="delete" />
    <Command Name="update" />
  </Entity>
  <Entity Name="Vendor" PluralName="Vendors" Table="vendor" Schema="po" Visibility="public" HasDataset="true">
    <Property Name="VendorId" Type="Int64" DbName="vendor_id" PrimaryKey="true" IsDbGenerated="true" AllowNull="false" />
    <Property Name="VendorUuid" Type="Guid" DbName="vendor_uuid" />
    <Relationship Name="PurchaseOrder" PluralName="PurchaseOrders" RelatedEntity="PurchaseOrder" RelatedProperty="VendorId" PropertyName="VendorId" Type="Int64" Cardinality="OneToOne" LazyLoad="true" />
    <UniqueKey Name="idx_unique_vendor_uuid" Properties="VendorUuid"></UniqueKey>
    <Command Name="get" />
    <Command Name="delete" />
    <Command Name="update" />
    <Command Name="create" />
  </Entity>
  <Entity Name="Project" PluralName="Projects" Table="project" Schema="po" Visibility="public" HasDataset="true">
    <Property Name="ProjectId" Type="Int64" DbName="project_id" PrimaryKey="true" IsDbGenerated="true" AllowNull="false" />
    <Property Name="ProjectUuid" Type="Guid" DbName="project_uuid" AllowNull="false" />
    <Command Name="get" />
    <Command Name="delete" />
    <Command Name="update" />
    <Command Name="create" />
  </Entity>
  <Entity Name="Coa" PluralName="Coas" Table="coa" Schema="po" Visibility="public" HasDataset="true">
    <Property Name="CoaId" Type="Int64" DbName="coa_id" PrimaryKey="true" IsDbGenerated="true" AllowNull="false" />
    <Property Name="CoaUuid" Type="Guid" DbName="coa_uuid" AllowNull="false" />
    <Command Name="get" />
    <Command Name="delete" />
    <Command Name="update" />
    <Command Name="create" />
  </Entity>
  <Entity Name="TaxForm" PluralName="TaxForms" Table="tax_form" Schema="po" Visibility="public" HasDataset="true">
    <Property Name="TaxFormId" Type="Int64" DbName="tax_form_id" PrimaryKey="true" IsDbGenerated="true" AllowNull="false" />
    <Property Name="Name" Type="string" DbName="name" AllowNull="false" />
    <Relationship Name="POTaxCode" PluralName="POTaxCodes" RelatedEntity="POTaxCode" RelatedProperty="TaxFormId" PropertyName="TaxFormId" Type="Int64" Cardinality="OneToMany" />
    <Command Name="get" />
  </Entity>
  <Entity Name="POTaxCode" PluralName="POTaxCode" Table="tax_code" Schema="po" Visibility="public" HasDataset="true">
    <Property Name="TaxCodeId" Type="Int64" DbName="tax_code_id" PrimaryKey="true" IsDbGenerated="true" AllowNull="false" />
    <Property Name="TaxCode" Type="string" DbName="tax_code" />
    <Property Name="TaxFormId" Type="Int64" DbName="tax_form_id" />
    <Relationship Name="TaxForm" PluralName="TaxForms" RelatedEntity="TaxForm" RelatedProperty="TaxFormId" PropertyName="TaxFormId" Type="Int64" Cardinality="OneToOne" />
    <Command Name="get" />
  </Entity>
  <Entity Name="PurchaseOrder" PluralName="PurchaseOrders" Table="purchase_order" Schema="po" Visibility="public" HasDataset="true">
    <Property Name="PurchaseOrderId" Type="Int64" DbName="purchase_order_id" PrimaryKey="true" IsDbGenerated="true" AllowNull="false" />
    <Property Name="ExternalId" Type="Guid" NullValue="uuid_generate_v1"  IsDbGenerated="true"  AllowNull="true"  DbName="external_id" />
    <Property Name="CompanyId" Type="Int64" DbName="company_id" />
    <Property Name="VendorId" Type="Int64" DbName="vendor_id" AllowNull="true" />
    <Property Name="PONumber" Type="string" DbName="po_number" Size="30" />
    <Property Name="Date" Type="DateTime" DbName="date" AllowNull="true" />
    <Property Name="DueDate" Type="DateTime" DbName="due_date" AllowNull="true" />
    <Property Name="Description" Type="string" DbName="description" Size="100" AllowNull="true" />
    <Property Name="TotalAmount" Type="double" DbName="total_amount"  AllowNull="true" />
    <Property Name="State" Type="string" DbName="state" Size="20" />
    <Property Name="IsoCurrencyCode" Type="string" Size="3" DbName="iso_currency_code" />
    <Property Name="PaymentCheckDepositCheck" Type="bool" DbName="payment_check_deposit_check" />
    <Property Name="PaymentCheckPaymentCheck" Type="bool" DbName="payment_check_payment_check" />
    <Property Name="PaymentCheckPettyCash" Type="bool" DbName="payment_check_petty_cash" />
    <Property Name="PaymentCheckCreditCard" Type="bool" DbName="payment_check_credit_card" />
    <Property Name="PaymentCheckWillBill" Type="bool" DbName="payment_check_will_bill" />
    <Property Name="PaymentCheckAdditionalBilling" Type="bool" DbName="payment_check_additional_billing" />
    <Property Name="PaymentCheckHold" Type="bool" DbName="payment_check_hold" />
    <Property Name="CreatedTs" Type="DateTime" DbName="created_ts" AllowNull="true" />
    <Property Name="CreatedByUser" Type="Guid" DbName="created_by_user" AllowNull="false" />
    <Property Name="LastModifiedUser" Type="Guid" DbName="last_modified_user" AllowNull="false" />
    <Relationship Name="Company" PluralName="Companies" RelatedEntity="Company" RelatedProperty="CompanyId" PropertyName="CompanyId" Type="Int64" Cardinality="OneToOne" LazyLoad="true" />
    <Relationship Name="Vendor" PluralName="Vendors" RelatedEntity="Project" RelatedProperty="VendorId" PropertyName="VendorId" Type="Int64" Cardinality="OneToOne" LazyLoad="true" />
    <Relationship Name="POState" PluralName="POStates" RelatedEntity="POState" RelatedProperty="State" PropertyName="State" Type="string" Cardinality="OneToOne" LazyLoad="true" />
    <Command Name="get" />
    <Command Name="delete" />
    <Command Name="update" />
    <Command Name="create" />
  </Entity>
  <Entity Name="PurchaseOrderAccount" PluralName="PurchaseOrderAccounts" Table="purchase_order_account" Schema="po" Visibility="public" HasDataset="true">
    <Property Name="PurchaseOrderAccountId" Type="Int64" DbName="purchase_order_account_id" PrimaryKey="true" IsDbGenerated="true" AllowNull="false" />
    <Property Name="CoaId" Type="Int64" DbName="coa_id" AllowNull="true" />
    <Property Name="ProjectId" Type="Int64" DbName="project_id" AllowNull="true" />
    <Property Name="CompanyDivisionIdCode" Type="string" DbName="company_division_id_code" Size="15" AllowNull="true" />
    <Property Name="CompanySubaccountIdCode" Type="string" DbName="company_subaccount_id_code" Size="15" AllowNull="true" />
    <Property Name="DetailIdCode" Type="string" DbName="detail_id_code" Size="15" AllowNull="true" />
    <Property Name="MemoFreeField1" Type="string" DbName="memo_freefield1" Size="15" AllowNull="true" />
    <Property Name="MemoFreeField2" Type="string" DbName="memo_freefield2" Size="15" AllowNull="true" />
    <Property Name="TaxCodeId" Type="Int64" DbName="tax_code_id" AllowNull="true" />
    <Relationship Name="Coa" PluralName="Coas" RelatedEntity="LedgerCoa" RelatedProperty="CoaId" PropertyName="CoaId" Type="Int64" Cardinality="OneToOne" LazyLoad="true" />
    <Relationship Name="Project" PluralName="Projects" RelatedEntity="Project" RelatedProperty="ProjectId" PropertyName="ProjectId" Type="Int64" Cardinality="OneToOne" LazyLoad="true" />
    <Relationship Name="POTaxCode" PluralName="POTaxCodes" RelatedEntity="POTaxCode" RelatedProperty="TaxCodeId" PropertyName="TaxCodeId" Type="Int64" Cardinality="OneToOne" LazyLoad="true" />
    <Relationship Name="PurchaseOrderDetail" PluralName="PurchaseOrderDetails" RelatedEntity="PurchaseOrderDetail" RelatedProperty="PurchaseOrderAccountId" PropertyName="PurchaseOrderAccountId" Type="Int64" Cardinality="OneToMany" LazyLoad="true" />
    <Command Name="get" />
    <Command Name="delete" />
    <Command Name="update" />
    <Command Name="create" />
  </Entity>
  <Entity Name="PurchaseOrderDetail" PluralName="PurchaseOrderDetails" Table="purchase_order_detail" Schema="po" Visibility="public" HasDataset="true">
    <Property Name="PurchaseOrderDetailId" Type="Int64" DbName="purchase_order_detail_id" PrimaryKey="true" IsDbGenerated="true" AllowNull="false" />
    <Property Name="PurchaseOrderId" Type="Int64" DbName="purchase_order_id" />
    <Property Name="LineNumber" Type="Int64" DbName="line_number" AllowNull="true" />
    <Property Name="OriginalAmount" Type="double" DbName="original_amount" AllowNull="true" />
    <Property Name="Amount" Type="double" DbName="amount" AllowNull="true" />
    <Property Name="Description" Type="string" DbName="description" Size="100" AllowNull="true" />
    <Property Name="TaxCreditId" Type="Int64" DbName="tax_credit_id"  AllowNull="true" />
    <Property Name="PurchaseOrderAccountId" Type="Int64" DbName="purchase_order_account_id" />
    <Property Name="ParentLineNumber" Type="Int32" DbName="parent_line_number" AllowNull="true" />
    <Relationship Name="PurchaseOrder" PluralName="PurchaseOrders" RelatedEntity="PurchaseOrder" RelatedProperty="PurchaseOrderId" PropertyName="PurchaseOrderId" Type="Int64" Cardinality="OneToOne" LazyLoad="true" />
    <Relationship Name="POTaxCredit" PluralName="POTaxCredits" RelatedEntity="POTaxCredit" RelatedProperty="TaxCreditId" PropertyName="TaxCreditId" Type="Int64" Cardinality="OneToOne" LazyLoad="true" />
    <Relationship Name="PurchaseOrderAccount" PluralName="PurchaseOrderAccounts" RelatedEntity="PurchaseOrderAccount" RelatedProperty="PurchaseOrderAccountId" PropertyName="PurchaseOrderAccountId" Type="Int64" Cardinality="OneToOne" LazyLoad="true" />
    <Command Name="get" />
    <Command Name="delete" />
    <Command Name="update" />
    <Command Name="create" />
  </Entity>
  <Entity Name="ViewPoHistoryDetail" PluralName="ViewPoHistoryDetails" Table="v_pohistorydetails" Schema="po" Visibility="View" HasDataset="true">
    <Property Name="PurchaseOrderId" Type="string" DbName="purchase_order_id" PrimaryKey="true" IsDbGenerated="true" />
    <Property Name="PurchaseOrderNumber" Type="string" DbName="po_number" AllowNull="true" />
    <Property Name="Date" Type="DateTime" DbName="date" AllowNull="true" />
    <Property Name="Description" Type="string" DbName="description" AllowNull="true" />
    <Property Name="State" Type="string" DbName="state" AllowNull="true" />
    <Property Name="TotalAmount" Type="double" DbName="total_amount" AllowNull="true" />
    <Property Name="OriginalAmount" Type="double" DbName="original_amount" AllowNull="true" />
    <Property Name="VendorId" Type="Int32" DbName="vendor_id" AllowNull="true" />
    <Property Name="VendorUuid" Type="Guid" DbName="vendor_uuid" AllowNull="true" />
    <Property Name="Project" Type="string" DbName="project" AllowNull="true" />
    <Property Name="CompanyUuid" Type="Guid" DbName="company_uuid" AllowNull="false" />
    <Property Name="ProjectUuid" Type="Guid" DbName="project_uuid" AllowNull="true" />
    <Command Name="get" />
  </Entity>
  <Entity Name="BankReconciliation" PluralName="BankReconciliations" Table="bank_reconciliation" Schema="ledgerservice" Visibility="public" HasDataset="true">
    <Property Name="BankReconciliationId" Type="Int64" DbName="bank_reconciliation_id" PrimaryKey="true" IsDbGenerated="true" AllowNull="false" />
    <Property Name="LedgerBankId" Type="Int64" DbName="ledger_bank_id" AllowNull="false" />
    <Property Name="BeginningBalance" Type="double" DbName="beginning_balance" AllowNull="true" />
    <Property Name="EndingBalance" Type="double" DbName="ending_balance" AllowNull="true" />
    <Property Name="StatementDate" Type="DateTime" DbName="statement_date" AllowNull="true" />
    <Property Name="Finalized" Type="bool" DbName="finalized" />
    <Property Name="CreatedTs" Type="DateTime" DbName="created_ts" AllowNull="true" />
    <Property Name="CreatedByUser" Type="Guid" DbName="created_by_user" AllowNull="true" />
    <Property Name="ModifiedTs" Type="DateTime" DbName="modified_ts" AllowNull="true" />
    <Property Name="LastModifiedUser" Type="Guid" DbName="last_modified_user" AllowNull="true" />
    <Relationship Name="BankReconciliationCharge"  PluralName="BankReconciliationCharges" RelatedEntity="BankReconciliationCharge" RelatedProperty="BankReconciliationId" PropertyName="BankReconciliationId" Type="Int64" Cardinality="OneToMany" LazyLoad="true" />
    <Relationship Name="BankReconciliationjournal"  PluralName="BankReconciliationjournals" RelatedEntity="BankReconciliationjournal" RelatedProperty="BankReconciliationId" PropertyName="BankReconciliationId" Type="Int64" Cardinality="OneToMany" LazyLoad="true" />
    <Relationship Name="BankReconciliationClearing"  PluralName="BankReconciliationClearings" RelatedEntity="BankReconciliationClearing" RelatedProperty="BankReconciliationId" PropertyName="BankReconciliationId" Type="Int64" Cardinality="OneToMany" LazyLoad="true" />
    <Relationship Name="LedgerBank" PluralName="LedgerBanks" RelatedEntity="LedgerBank" RelatedProperty="LedgerBankId" PropertyName="LedgerBankId" Type="Int64" Cardinality="OneToOne" />
    <Command Name="get" />
    <Command Name="delete" />
    <Command Name="update" />
    <Command Name="create" />
  </Entity>
  <Entity Name="BankReconciliationCharge" PluralName="BankReconciliationCharges" Table="bank_reconciliation_charges" Schema="ledgerservice" Visibility="public" HasDataset="true">
    <Property Name="BankReconciliationChargeId"  Type="Int64" DbName="bank_reconciliation_charge_id" PrimaryKey="true" IsDbGenerated="true" AllowNull="false" />
    <Property Name="BankReconciliationId" Type="Int64" DbName="bank_reconciliation_id" AllowNull="false" />
    <Property Name="BankChargeTypename" Type="string" DbName="bank_charge_typename"  Size="50" AllowNull="false" />
    <Property Name="GlAccountId" Type="Int64" DbName="gl_account_id" AllowNull="true" />
    <Property Name="Amount" Type="double" DbName="amount" AllowNull="true" />
    <Property Name="Description" Type="string" DbName="description"  Size="50" AllowNull="true" />
    <Property Name="Date" Type="DateTime" DbName="date" AllowNull="true" />
    <Relationship Name="BankReconciliation"  PluralName="BankReconciliations" RelatedEntity="BankReconciliation" RelatedProperty="BankReconciliationId" PropertyName="BankReconciliationId" Type="Int64" Cardinality="OneToOne" LazyLoad="true" />
    <Relationship Name="GlAccount" PluralName="GlAccounts" RelatedEntity="GlAccount" RelatedProperty="GlAccountId" PropertyName="GlAccountId" Type="Int64" Cardinality="OneToOne" LazyLoad="true" />
    <Relationship Name="BankChargeType" PluralName="BankChargeTypes" RelatedEntity="BankChargeType" RelatedProperty="BankChargeTypename" PropertyName="BankChargeTypename" Type="string" Cardinality="OneToOne" LazyLoad="true" />
    <Command Name="get" />
    <Command Name="delete" />
    <Command Name="update" />
    <Command Name="create" />
  </Entity>
  <Entity Name="BankReconciliationjournal" PluralName="BankReconciliationjournals" Table="bank_reconciliation_journal" Schema="ledgerservice" Visibility="public" HasDataset="true">
    <Property Name="BankReconciliationJournalId"  Type="Int64" DbName="bank_reconciliation_journal_id" PrimaryKey="true" IsDbGenerated="true" AllowNull="false" />
    <Property Name="BankReconciliationId" Type="Int64" DbName="bank_reconciliation_id" AllowNull="false" />
    <Property Name="GlTransactionId" Type="Int64" DbName="gl_transaction_id" AllowNull="true" />
    <Relationship Name="BankReconciliation"  PluralName="BankReconciliations" RelatedEntity="BankReconciliation" RelatedProperty="BankReconciliationId" PropertyName="BankReconciliationId" Type="Int64" Cardinality="OneToOne" LazyLoad="true" />
    <Relationship Name="GlTransaction" PluralName="GlTransactions" RelatedEntity="GlTransaction" RelatedProperty="GlTransactionId" PropertyName="GlTransactionId" Type="Int64" Cardinality="OneToOne" />
    <Command Name="get" />
    <Command Name="delete" />
    <Command Name="update" />
    <Command Name="create" />
  </Entity>
  <Entity Name="BankReconciliationClearing" PluralName="BankReconciliationClearings" Table="bank_reconciliation_clearing" Schema="ledgerservice" Visibility="public" HasDataset="true">
    <Property Name="BankReconciliationClearingId"  Type="Int64" DbName="bank_reconciliation_clearing_id" PrimaryKey="true" IsDbGenerated="true" AllowNull="false" />
    <Property Name="BankReconciliationId" Type="Int64" DbName="bank_reconciliation_id" AllowNull="false" />
    <Property Name="GlTransactionId" Type="Int64" DbName="gl_transaction_id" AllowNull="true" />
    <Property Name="GlTransactionDtailId" Type="Int64" DbName="gl_transaction_detail_id" AllowNull="true" />
    <Relationship Name="BankReconciliation"  PluralName="BankReconciliations" RelatedEntity="BankReconciliation" RelatedProperty="BankReconciliationId" PropertyName="BankReconciliationId" Type="Int64" Cardinality="OneToOne" LazyLoad="true" />
    <Relationship Name="GlTransaction" PluralName="GlTransactions" RelatedEntity="GlTransaction" RelatedProperty="GlTransactionId" PropertyName="GlTransactionId" Type="Int64" Cardinality="OneToOne" />
    <Relationship Name="GlTransactionDetail" PluralName="GlTransactionDetails" RelatedEntity="GlTransactionDetail" RelatedProperty="GlTransactionDtailId" PropertyName="GlTransactionDtailId" Type="Int64" Cardinality="OneToOne" />
    <Command Name="get" />
    <Command Name="delete" />
    <Command Name="update" />
    <Command Name="create" />
  </Entity>
  <Entity Name="BankChargeType" PluralName="BankChargeTypes" Table="bank_charge_type" Schema="ledgerservice" Visibility="public" HasDataset="true">
    <Property Name="BankChargeTypename" Type="string"  DbName="bank_charge_typename" PrimaryKey="true" IsDbGenerated="false" AllowNull="false" />
  </Entity>
  <Entity Name="ViewPayment" PluralName="ViewPayments" Table="v_payments" Schema="ledgerservice" Visibility="View" HasDataset="true">
    <Property Name="GlTransactionId" Type="Int64" DbName="gl_transaction_id" PrimaryKey="true" IsDbGenerated="true" AllowNull="false" />
    <Property Name="LedgerProjectId" Type="Int64" AllowNull="true" DbName="ledger_project_id" />
    <Property Name="ReferenceGlTransactionId" Type="Int64" DbName="reference_gl_transaction_id" AllowNull="true" />
    <Property Name="ExternalId" Type="Guid" DbName="external_id" AllowNull="true" />
    <Property Name="SubSystemType" Type="string" DbName="subsystem_type" />
    <Property Name="GlTransactionType" Type="string" DbName="gl_transaction_type" />
    <Property Name="TransactionNumber" Type="string" DbName="transaction_number" />
    <Property Name="CreatedTs" Type="DateTime" DbName="created_ts"  AllowNull="true" />
    <Property Name="DocumentNumber" Type="string" DbName="document_number" />
    <Property Name="DocumentDate" Type="DateTime" DbName="document_date"  AllowNull="true" />
    <Property Name="Description" Type="string" DbName="description" />
    <Property Name="PostDate" Type="DateTime" DbName="post_date"  AllowNull="true" />
    <Property Name="PostState" Type="string" DbName="post_state"  AllowNull="true" />
    <Property Name="RecurrenceType" Type="string" DbName="recurrence_type" />
    <Property Name="RecurrenceStartDate" Type="DateTime" DbName="recurrence_start_date"  AllowNull="true" />
    <Property Name="RecurrenceEndDate" Type="DateTime" DbName="recurrence_end_date"  AllowNull="true" />
    <Property Name="ThirteenthPeriod" Type="bool" DbName="thirteenth_period"  AllowNull="true" />
    <Property Name="CreatedByUser" Type="Guid" DbName="created_by_user"  AllowNull="true" />
    <Property Name="LastModifiedUser" Type="Guid" DbName="last_modified_user" AllowNull="true" />
    <Property Name="HasErrors" Type="bool" DbName="has_errors" AllowNull="true" />
    <Property Name="CompanyUuid" Type="Guid" DbName="company_uuid" AllowNull="true" />
    <Property Name="BatchId" Type="Int64" DbName="batch_id" AllowNull="true" />
    <Property Name="BatchName" Type="string" DbName="batch_name" />
    <Property Name="RetainBatch" Type="bool" DbName="retain_batch" AllowNull="true" />
    <Property Name="SharedBatch" Type="bool" DbName="shared_batch" AllowNull="true" />
    <Property Name="IsDefault" Type="bool" DbName="is_default" AllowNull="true" />
    <Property Name="AllowJournals" Type="bool" DbName="allow_journals" AllowNull="true" />
    <Property Name="AllowPayables" Type="bool" DbName="allow_payables" AllowNull="true" />
    <Property Name="AllowReceivables" Type="bool" DbName="allow_receivables" AllowNull="true" />
    <Property Name="AllowPettyCash" Type="bool" DbName="allow_pettycash" AllowNull="true" />
    <Property Name="AllowCreditCard" Type="bool" DbName="allow_creditcard" AllowNull="true" />
    <Property Name="TotalAmount" Type="double" DbName="total_amount" AllowNull="true" />
    <Property Name="DocumentAmount" Type="double" DbName="document_amount" AllowNull="true" />
    <Property Name="AmountPaid" Type="double" DbName="amount_paid" AllowNull="true" />
    <Property Name="PaymentInfoId" Type="Int64" DbName="payment_info_id" AllowNull="true" />
    <Property Name="PaymentId" Type="Int64" DbName="payment_id" AllowNull="true" />
    <Property Name="ReferencePO" Type="string" DbName="reference_po" />
    <Property Name="VendorUuid" Type="Guid" DbName="vendor_uuid" />
    <Property Name="DueDate" Type="DateTime" DbName="due_date"  AllowNull="true" />
    <Property Name="CustomerUuid" Type="Guid" DbName="customer_uuid" AllowNull="true" />
    <Property Name="SalesRepUuid" Type="Guid" DbName="sales_rep_uuid" AllowNull="true" />
    <Property Name="BankExternalId" Type="Guid" DbName="bank_uuid" />
    <Property Name="PaymentType" Type="string" DbName="payment_type" />
    <Property Name="PostPaymentGlTransactionId" Type="Int64" DbName="post_payment_gl_transaction_id" AllowNull="true" />
    <Property Name="PaymentRef" Type="string" DbName="payment_ref" />
    <Property Name="PaymentDate" Type="DateTime" DbName="payment_date" AllowNull="true" />
    <Property Name="Project" Type="string" DbName="project" AllowNull="true" />
    <Property Name="ProjectUuid" Type="Guid" DbName="project_uuid" AllowNull="true" />
    <Property Name="HoldPayment" Type="bool" DbName="hold_payment" AllowNull="true" />
    <Command Name="get" />
  </Entity>
  <Entity Name="ViewPaymentRecord" PluralName="ViewPaymentRecords" Table="v_payment_records" Schema="ledgerservice" Visibility="View" HasDataset="true">
    <Property Name="PaymentId" Type="Int64" DbName="payment_id" PrimaryKey="true" AllowNull="true" />
    <Property Name="PaymentUuid" Type="Guid" DbName="payment_uuid" AllowNull="true" />
    <Property Name="PaymentType" Type="string" DbName="payment_type" Size="50" AllowNull="false" />
    <Property Name="PaymentNumber" Type="string" DbName="payment_number" Size="50" AllowNull="false" />
    <Property Name="PaymentDate" Type="DateTime" DbName="payment_date" AllowNull="false" />
    <Property Name="CheckMemo" Type="string" DbName="check_memo" AllowNull="true" Size="150" />
    <Property Name="PaymentRef" Type="string" DbName="payment_ref" Size="100" AllowNull="true" />
    <Property Name="CreatedTs" Type="DateTime" DbName="created_ts" AllowNull="false" />
    <Property Name="LedgerUserCreatedUuid" Type="Guid" DbName="ledger_user_created_uuid" AllowNull="true" />
    <Property Name="LedgerUserLastModifiedUuid" Type="Guid" DbName="ledger_user_last_modified_uuid" AllowNull="true" />
    <Property Name="PostPaymentGlTransactionId" Type="Int64" DbName="post_payment_gl_transaction_id" AllowNull="true" />
    <Property Name="Amount" Type="decimal" DbName="amount" AllowNull="false" />
    <Property Name="PayeeName" Type="string" DbName="payee_name" AllowNull="false" Size="150" />
    <Property Name="PostedTs" Type="DateTime" DbName="posted_ts" AllowNull="true" />
    <Property Name="AmountSubjectToTax" Type="decimal" DbName="amount_subject_to_tax" AllowNull="false" NullValue="0"/>
    <Property Name="DiscountAmount" Type="decimal" DbName="discount_amount" AllowNull="false" NullValue="0" />
    <Property Name="VendorUuid" Type="Guid" DbName="vendor_uuid" AllowNull="false" />
    <Property Name="BankUuid" Type="Guid" DbName="bank_uuid" AllowNull="false" />    
    <Command Name="get" />
  </Entity>
  <Entity Name="ViewPoLineTransaction" PluralName="ViewPoLineTransaction" Table="v_po_line_transactions" Schema="po" Visibility="View" HasDataset="true">
    <Property Name="PurchaseOrderId" JsonName="purchase_order_id" Type="Int64" DbName="purchase_order_id" PrimaryKey="true" IsDbGenerated="true" AllowNull="false" />
    <Property Name="ExternalId" JsonName="external_id" Type="Guid" DbName="external_id" AllowNull="true" />
    <Property Name="CompanyId" JsonName="company_id" Type="Int64" DbName="company_id" AllowNull="true" />
    <Property Name="VendorId" JsonName="vendor_id" Type="Int64" DbName="vendor_id" AllowNull="true" />
    <Property Name="PoNumber" JsonName="po_number" Type="string" Size="30" DbName="po_number" AllowNull="true" />
    <Property Name="Date" JsonName="date" Type="DateTime" DbName="date" AllowNull="true" />
    <Property Name="DueDate" JsonName="due_date" Type="DateTime" DbName="due_date" AllowNull="true" />
    <Property Name="Description" JsonName="description" Type="string" DbName="description" Size="100" AllowNull="true" />
    <Property Name="TotalAmount" JsonName="total_amount" Type="double" DbName="total_amount" AllowNull="true" />
    <Property Name="State" JsonName="state" Type="string" DbName="state" Size="20" AllowNull="true" />
    <Property Name="IsoCurrencyCode" JsonName="iso_currency_code" Type="string" DbName="iso_currency_code" Size="3" AllowNull="true" />
    <Property Name="PaymentCheckDepositCheck" JsonName="payment_check_deposit_check" Type="bool" DbName="payment_check_deposit_check" AllowNull="true" />
    <Property Name="PaymentCheckPaymentCheck" JsonName="payment_check_payment_check" Type="bool" DbName="payment_check_payment_check" AllowNull="true" />
    <Property Name="PaymentCheckPettyCash" JsonName="payment_check_petty_cash" Type="bool" DbName="payment_check_petty_cash" AllowNull="true" />
    <Property Name="PaymentCheckCreditCard" JsonName="payment_check_credit_card" Type="bool" DbName="payment_check_credit_card" AllowNull="true" />
    <Property Name="PaymentCheckWillBill" JsonName="payment_check_will_bill" Type="bool" DbName="payment_check_will_bill" AllowNull="true" />
    <Property Name="PaymentCheckAdditionalBilling" JsonName="payment_check_additional_billing" Type="bool" DbName="payment_check_additional_billing" AllowNull="true" />
    <Property Name="PaymentCheckHold" JsonName="payment_check_hold" Type="bool" DbName="payment_check_hold" AllowNull="true" />
    <Property Name="CreatedByUser" JsonName="created_by_user" Type="Guid" DbName="created_by_user" AllowNull="true" />
    <Property Name="LastModifiedUser" JsonName="last_modified_user" Type="Guid" DbName="last_modified_user" AllowNull="true" />
    <Property Name="CreatedTs" JsonName="created_ts" Type="DateTime" DbName="created_ts" AllowNull="true" />
    <Property Name="CompanyUuid" JsonName="company_uuid" Type="Guid" DbName="company_uuid" AllowNull="true" />
    <Property Name="PurchaseOrderDetailId" JsonName="purchase_order_detail_id" Type="Int64" DbName="purchase_order_detail_id" AllowNull="true" />
    <Property Name="OriginalAmount" JsonName="original_amount" Type="double" DbName="original_amount" AllowNull="true" />
    <Property Name="Amount" JsonName="amount" Type="double" DbName="amount" AllowNull="true" />
    <Property Name="DetailDescription" JsonName="detail_description" Type="string" DbName="detail_description" Size="100" AllowNull="true" />
    <Property Name="TaxCreditId" JsonName="tax_credit_id" Type="Int64" DbName="tax_credit_id" AllowNull="true" />
    <Property Name="PurchaseOrderAccountId" JsonName="purchase_order_account_id" Type="Int64" DbName="purchase_order_account_id" AllowNull="true" />
    <Property Name="CoaId" JsonName="coa_id" Type="Int64" DbName="coa_id" AllowNull="true" />
    <Property Name="ProjectId" JsonName="project_id" Type="Int64" DbName="project_id" AllowNull="true" />
    <Property Name="CompanyDivisionIdCode" JsonName="company_division_id_code" Type="string" DbName="company_division_id_code" Size="15" AllowNull="true" />
    <Property Name="CompanySubaccountIdCode" JsonName="company_subaccount_id_code" Type="string" DbName="company_subaccount_id_code" Size="15" AllowNull="true" />
    <Property Name="DetailIdCode" JsonName="detail_id_code" Type="string" DbName="detail_id_code" Size="15" AllowNull="true" />
    <Property Name="MemoFreeField1" JsonName="memo_freefield1" Type="string" DbName="memo_freefield1" Size="15" AllowNull="true" />
    <Property Name="MemoFreeField2" JsonName="memo_freefield2" Type="string" DbName="memo_freefield2" Size="15" AllowNull="true" />
    <Property Name="TaxCodeId" JsonName="tax_code_id" Type="Int64" DbName="tax_code_id" AllowNull="true" />
    <Property Name="CoaUuid" JsonName="coa_uuid" Type="Guid" DbName="coa_uuid" AllowNull="true" />
    <Property Name="ProjectUuid" JsonName="project_uuid" Type="Guid" DbName="project_uuid" AllowNull="true" />
    <Property Name="VendorUuid" JsonName="vendor_uuid" Type="Guid" DbName="vendor_uuid" AllowNull="true" />
    <Command Name="get" />
  </Entity>
  <Entity Name="RecordLock" PluralName="RecordLocks" Table="record_lock" Schema="ledgerservice" Visibility="public" HasDataset="true">
    <Property Name="RecordLockId" JsonName="record_lock_id" Type="Int64" DbName="record_lock_id" PrimaryKey="true" IsDbGenerated="true" AllowNull="false" />
    <Property Name="RecordName" JsonName="record_name" Type="string" Size="100" DbName="record_name" AllowNull="true" />
    <Property Name="RecordId" JsonName="record_id" Type="Int64" DbName="record_id" />
    <Property Name="UserUuid" JsonName="user_uuid" Type="Guid" DbName="user_uuid" />
    <Property Name="LockTs" JsonName="lock_ts" Type="DateTime" DbName="lock_ts" AllowNull="true" IsDbGenerated="true" />
    <Command Name="get"/>
    <Command Name="create"/>
    <Command Name="update"/>
    <Command Name="delete"/>
  </Entity>
</ModelsMap>