<?xml version="1.0" encoding="utf-8"?>
<ModelsMap Version="1" Scope="TestScope">
  <Entity Name="StCompanyDivision" PluralName="StCompanyDivisions" Table="st_company_division" Schema="importservice" Visibility="public" HasDataset="true">
    <Property Name="StCompanyDivisionId" Type="Int32" DbName="st_company_division_id" PrimaryKey="true" IsDbGenerated="true" AllowNull="false" Ordinal="1" />
    <Property Name="CompanyExternalId" Type="Guid" DbName="company_uuid" AllowNull="true" Ordinal="3" />
    <Property Name="DivisionNumber" Type="string" DbName="division_number" Size="50" AllowNull="true" Ordinal="4" />
    <Property Name="Description" Type="string" DbName="description" Size="100" AllowNull="true" Ordinal="5" />
    <Property Name="IsDefault" Type="bool" DbName="is_default" AllowNull="true"  Ordinal="6" />
    <Property Name="IsActive" Type="bool" DbName="is_active" AllowNull="true" Ordinal="7" />
    <Property Name="company_division_id" Type="Int32" DbName="company_division_id" AllowNull="true" Ordinal="8" />
    <!--<Property Name="Details" Type="text" DbName="details" Ordinal="9" />-->
    <Property Name="IsCreated" Type="bool" DbName="is_created" AllowNull="true" Ordinal="10" />
    <Property Name="row_number" Type="Int32" DbName="row_number" AllowNull="true" Ordinal="11" />
    <Command Name="get" />
    <Command Name="delete" />
    <Command Name="create" />
    <Command Name="update" />
  </Entity>
  <Entity Name="StProjectChartAccount" PluralName="StProjectChartAccounts" Table="st_projectchart_account" Schema="importservice" Visibility="public" HasDataset="true">
    <Property Name="StProjectChartAccountId" Type="Int32" DbName="st_projectchart_account_id" PrimaryKey="true" IsDbGenerated="true" AllowNull="false" Ordinal="1" />
    <Property Name="CompanyExternalId" Type="Guid" DbName="company_uuid" AllowNull="true" Ordinal="3" />
    <Property Name="AccountId" Type="string" DbName="account_id" Size="50" AllowNull="true" Ordinal="4" />
    <Property Name="Description" Type="string" DbName="description" Size="100" AllowNull="true" Ordinal="5" />
    <Property Name="Classification" Type="string" DbName="Classification" Size="50" AllowNull="true" Ordinal="6" />
    <Property Name="OverrideDivision" Type="string" DbName="override_division" Size="50" AllowNull="true" Ordinal="7" />
    <Property Name="OverrideGl" Type="string" DbName="override_gl" Size="50" AllowNull="true" Ordinal="8" />
    <Property Name="Status" Type="bool" DbName="status" AllowNull="true" Ordinal="9" />
    <Property Name="CoaUuid" Type="Guid" DbName="coa_uuid" AllowNull="true" Ordinal="10" />
    <!--<Property Name="Details" Type="text" DbName="details" Ordinal="11" />-->
    <Property Name="IsCreated" Type="bool" DbName="is_created" AllowNull="true" Ordinal="12" />
    <Property Name="row_number" Type="Int32" DbName="row_number" AllowNull="true" Ordinal="13" />
    <Command Name="get" />
    <Command Name="delete" />
    <Command Name="create" />
    <Command Name="update" />
  </Entity>
  <Entity Name="StCoaAccount" PluralName="StCoaAccounts" Table="st_coa_account" Schema="importservice" Visibility="public" HasDataset="true">
    <Property Name="StCoaAccountId" Type="Int32" DbName="st_coa_account_id" PrimaryKey="true" IsDbGenerated="true" AllowNull="false" Ordinal="1" />
    <Property Name="CompanyExternalId" Type="Guid" DbName="company_uuid" AllowNull="true" Ordinal="3" />
    <Property Name="AccountId" Type="string" DbName="account_id" Size="50" AllowNull="true" Ordinal="4" />
    <Property Name="Description" Type="string" DbName="description" Size="100" AllowNull="true" Ordinal="5" />
    <Property Name="Classification" Type="string" DbName="Classification" Size="50" AllowNull="true" Ordinal="6" />
    <Property Name="ClearingAccount" Type="string" DbName="clearing_account" Size="50" AllowNull="true" Ordinal="7" />
    <Property Name="EliminationAccount" Type="bool" DbName="elimination_account" AllowNull="true" Ordinal="8" />
    <Property Name="JobGl" Type="bool" DbName="job_gl" AllowNull="true" Ordinal="9" />
    <Property Name="Status" Type="bool" DbName="status" AllowNull="true" Ordinal="10" />
    <Property Name="CoaUuid" Type="Guid" DbName="coa_uuid"  Ordinal="11" />
    <!--<Property Name="Details" Type="text" DbName="details" Ordinal="12" />-->
    <Property Name="IsCreated" Type="bool" DbName="is_created" AllowNull="true" Ordinal="13" />
    <Property Name="row_number" Type="Int32" DbName="row_number" AllowNull="true" Ordinal="14" />
    <Command Name="get" />
    <Command Name="delete" />
    <Command Name="create" />
    <Command Name="update" />
  </Entity>
  <Entity Name="StSubAccount" PluralName="StSubAccounts" Table="st_sub_account" Schema="importservice" Visibility="public" HasDataset="true">
    <Property Name="StSubAccountId" Type="Int32" DbName="st_sub_accounts_id" PrimaryKey="true" IsDbGenerated="true" AllowNull="false" Ordinal="1" />
    <Property Name="CompanyExternalId" Type="Guid" DbName="company_uuid" AllowNull="true" Ordinal="3" />
    <Property Name="SubAccountId" Type="string" DbName="sub_account_id" Size="50" AllowNull="true" Ordinal="4" />
    <Property Name="SubAccountName" Type="string" DbName="sub_account_name" Size="50" AllowNull="true" Ordinal="5" />
    <Property Name="RelatedAccounts" Type="string" DbName="related_accounts" Size="50" AllowNull="true" Ordinal="6" />
    <Property Name="Status" Type="bool" DbName="status" AllowNull="true" Ordinal="7" />
    <Property Name="CompanySubaccountId" Type="Int32" DbName="company_subaccount_id"  Ordinal="8" />
    <!--<Property Name="Details" Type="text" DbName="details" Ordinal="9" />-->
    <Property Name="IsCreated" Type="bool" DbName="is_created" AllowNull="true" Ordinal="10" />
    <Property Name="row_number" Type="Int32" DbName="row_number" AllowNull="true" Ordinal="11" />
    <Command Name="get" />
    <Command Name="delete" />
    <Command Name="create" />
    <Command Name="update" />
  </Entity>
  <Entity Name="StFiscal" PluralName="StFiscals" Table="st_fiscal" Schema="importservice" Visibility="public" HasDataset="true">
    <Property Name="StFiscalId" Type="Int32" DbName="st_fiscal_id" PrimaryKey="true" IsDbGenerated="true" AllowNull="false" Ordinal="1" />
    <Property Name="CompanyExternalId" Type="Guid" DbName="company_uuid" AllowNull="true" Ordinal="3" />
    <Property Name="YearStartDate" Type="string" DbName="year_start_date" Size="20" AllowNull="true" Ordinal="4" />
    <Property Name="YearEndDate" Type="string" DbName="year_end_date" Size="20" AllowNull="true" Ordinal="5" />
    <Property Name="YearOpen" Type="bool" DbName="year_open" AllowNull="true" Ordinal="6" />
    <Property Name="PeriodId" Type="Int32" DbName="period_id" AllowNull="true"  Ordinal="8" />
    <!--<Property Name="Details" Type="text" DbName="details" Ordinal="9" />-->
    <Property Name="IsCreated" Type="bool" DbName="is_created" AllowNull="true" Ordinal="10" />
    <Property Name="row_number" Type="Int32" DbName="row_number" AllowNull="true" Ordinal="11" />
    <Command Name="get" />
    <Command Name="delete" />
    <Command Name="create" />
    <Command Name="update" />
  </Entity>
  <Entity Name="ImportSession" PluralName="ImportSessions" Table="import_session" Schema="importservice" Visibility="public" HasDataset="true">
    <Property Name="ImportSessionId" Type="Int32" DbName="import_session_id" PrimaryKey="true" IsDbGenerated="true" AllowNull="false" Ordinal="1" />
    <Property Name="CompanyExternalId" Type="Guid" DbName="company_uuid" AllowNull="true" Ordinal="3" />
    <Property Name="FileName" Type="string" DbName="file_name" Size="50" AllowNull="true" Ordinal="4" />
    <Property Name="file_type" Type="string" DbName="file_type" Size="30" AllowNull="true" Ordinal="5" />
    <Property Name="AttachementId" Type="string" DbName="attachement_id" Size="50" AllowNull="true" Ordinal="6" />
    <Property Name="IsUploaded" Type="bool" DbName="is_uploaded"  Ordinal="7" />
    <!--<Property Name="Details" Type="text" DbName="details" Ordinal="9" />-->
    <Property Name="created_ts" Type="DateTime" DbName="is_created" AllowNull="true" Ordinal="10" />
    <Property Name="CreatedBy" Type="Guid" DbName="created_by" AllowNull="true" Ordinal="11" />
    <Command Name="get" />
    <Command Name="delete" />
    <Command Name="create" />
    <Command Name="update" />
  </Entity>
  <Entity Name="StVendor" PluralName="StVendors" Table="st_vendor" Schema="importservice" Visibility="public" HasDataset="true">
    <Property Name="StVendorId" Type="Int32" DbName="st_vendor_id" PrimaryKey="true" IsDbGenerated="true" AllowNull="false" Ordinal="1" />
    <Property Name="CompanyExternalId" Type="Guid" DbName="company_uuid" AllowNull="true" Ordinal="3" />
    <Property Name="VendorName" Type="string" DbName="vendor_name" Size="300" AllowNull="true" Ordinal="4" />
    <Property Name="Address" Type="string" DbName="address" Size="200" AllowNull="true" Ordinal="5" />
    <Property Name="Telephone" Type="string" DbName="telephone" Size="50" AllowNull="true" Ordinal="6" />
    <Property Name="Email" Type="string" DbName="email" Size="50" AllowNull="true" Ordinal="7" />
    <Property Name="TaxCode" Type="string" DbName="tax_code" Size="50" AllowNull="true" Ordinal="8" />
    <Property Name="PaymentTerms" Type="string" DbName="payment_terms" AllowNull="true" Size="20" Ordinal="9" />
    <Property Name="City" Type="string" DbName="city" Size="100" AllowNull="true" Ordinal="10" />
    <Property Name="Zip" Type="string" DbName="zip" Size="10" AllowNull="true" Ordinal="11" />
    <Property Name="State" Type="string" DbName="state" Size="100" AllowNull="true" Ordinal="12" />
    <Property Name="Ssn" Type="string" DbName="ssn" Size="50" AllowNull="true" Ordinal="13" />
    <Property Name="FederalTaxId" Type="string" DbName="federal_tax_id" AllowNull="true" Size="20" Ordinal="14" />
    <Property Name="Corporation" Type="string" DbName="corporation" Size="50" AllowNull="true" Ordinal="15" />
    <Property Name="VendorType" Type="string" DbName="vendor_type" AllowNull="true" Size="20" Ordinal="16" />
    <Property Name="VendorExternalId" Type="Guid" DbName="vendor_uuid" AllowNull="true" Ordinal="17" />
    <!--<Property Name="Details" Type="text" DbName="details" Ordinal="18" />-->
    <Property Name="IsCreated" Type="bool" DbName="is_created" AllowNull="true" Ordinal="19" />
    <Property Name="row_number" Type="Int32" DbName="row_number" AllowNull="true" Ordinal="20" />
    <Command Name="get" />
    <Command Name="delete" />
    <Command Name="create" />
    <Command Name="update" />
  </Entity>
  <Entity Name="StCustomer" PluralName="StCustomers" Table="st_customer" Schema="importservice" Visibility="public" HasDataset="true">
    <Property Name="StCustomerId" Type="Int32" DbName="st_customer_id" PrimaryKey="true" IsDbGenerated="true" AllowNull="false" Ordinal="1" />
    <Property Name="CompanyExternalId" Type="Guid" DbName="company_uuid" AllowNull="true" Ordinal="3" />
    <Property Name="CustomerName" Type="string" DbName="customer_name" Size="300" AllowNull="true" Ordinal="4" />
    <Property Name="Address" Type="string" DbName="address" Size="200" AllowNull="true" Ordinal="5" />
    <Property Name="Telephone" Type="string" DbName="telephone" Size="50" AllowNull="true" Ordinal="6" />
    <Property Name="Email" Type="string" DbName="email" Size="50" AllowNull="true" Ordinal="7" />
    <Property Name="PaymentTerms" Type="string" DbName="payment_terms" AllowNull="true" Size="20" Ordinal="9" />
    <Property Name="City" Type="string" DbName="city" Size="100" AllowNull="true" Ordinal="10" />
    <Property Name="Zip" Type="string" DbName="zip" Size="10" AllowNull="true" Ordinal="11" />
    <Property Name="State" Type="string" DbName="state" Size="100" AllowNull="true" Ordinal="12" />
    <Property Name="PaymentMethod" Type="string" DbName="payment_method" Size="20" AllowNull="true" Ordinal="13" />
    <Property Name="Currency" Type="string" DbName="currency" AllowNull="true"  Size="20" Ordinal="14" />
    <Property Name="CustomerExternalId" Type="Guid" DbName="customer_uuid" AllowNull="true" Ordinal="17" />
    <!--<Property Name="Details" Type="text" DbName="details" Ordinal="18" />-->
    <Property Name="IsCreated" Type="bool" DbName="is_created" AllowNull="true" Ordinal="19" />
    <Property Name="row_number" Type="Int32" DbName="row_number" AllowNull="true" Ordinal="20" />
    <Command Name="get" />
    <Command Name="delete" />
    <Command Name="create" />
    <Command Name="update" />
  </Entity>
  <Entity Name="StProject" PluralName="StProjects" Table="st_project" Schema="importservice" Visibility="public" HasDataset="true">
    <Property Name="StProjectId" Type="Int32" DbName="st_project_id" PrimaryKey="true" IsDbGenerated="true" AllowNull="false" Ordinal="1" />
    <Property Name="CompanyExternalId" Type="Guid" DbName="company_uuid" AllowNull="true" Ordinal="2" />
    <Property Name="ProjectNumber" Type="string" DbName="project_number" Size="200" AllowNull="true" Ordinal="3" />
    <Property Name="ProjectName" Type="string" DbName="project_name" Size="200" AllowNull="true" Ordinal="4" />
    <Property Name="ProductName" Type="string" DbName="product_name" Size="200" AllowNull="true" Ordinal="5" />
    <Property Name="Director" Type="string" DbName="director" Size="200" AllowNull="true" Ordinal="6" />
    <Property Name="Agency" Type="string" DbName="agency" Size="200" AllowNull="true" Ordinal="7" />
    <Property Name="SalesRep" Type="string" DbName="sales_rep" AllowNull="true" Size="200" Ordinal="8" />
    <Property Name="Status" Type="string" DbName="status" Size="200" AllowNull="true" Ordinal="9" />
    <Property Name="DetailReport" Type="string" DbName="detail_report" Size="200" AllowNull="true" Ordinal="10" />
    <Property Name="ReportingType" Type="string" DbName="reporting_type" Size="200" AllowNull="true" Ordinal="11" />
    <Property Name="ShootDates" Type="string" DbName="shoot_dates" Size="200" AllowNull="true" Ordinal="12" />
    <Property Name="ShootLocation" Type="string" DbName="shoot_location" AllowNull="true"  Size="200" Ordinal="13" />
    <Property Name="WrapUpInsurance" Type="string" DbName="wrap_up_insurance" AllowNull="true"  Size="200" Ordinal="14" />
    <Property Name="AgencyProducer" Type="string" DbName="agency_producer" AllowNull="true"  Size="200" Ordinal="14" />
    <Property Name="ProjectCoa" Type="string" DbName="project_coa" AllowNull="true"  Size="200" Ordinal="15" />
    <Property Name="ProjectType" Type="string" DbName="project_type" AllowNull="true"  Size="200" Ordinal="16" />
    <Property Name="ProjectUuid" Type="Guid" DbName="project_uuid" AllowNull="true" Ordinal="17" />
    <!--<Property Name="Details" Type="string" DbName="details" Size="1500" AllowNull="true" Ordinal="18" />-->
    <Property Name="IsCreated" Type="bool" DbName="is_created" AllowNull="true" Ordinal="19" />
    <Property Name="RowNumber" Type="Int32" DbName="row_number" AllowNull="true" Ordinal="20" />
    <Command Name="get" />
    <Command Name="delete" />
    <Command Name="create" />
    <Command Name="update" />
  </Entity>
</ModelsMap>
