{
  "DataSet": {
    "Name": "ViewLineTransactionDetails",
    "Query": {
      "CommandText": "select * from ledgerservice.v_linetransactiondetails",
      "DataSourceName": "ledger"
    },
    "Fields": [
      {
        "Name": "GlTransactionId",
        "DataField": "gl_transaction_id",
        "DataType": "Long",
        "Aggregate": "Count"
      },
      {
        "Name": "DocumentNumber",
        "DataField": "document_number",
        "DataType": "String",
        "Aggregate": "Count"
      },
      {
        "Name": "Description",
        "DataField": "description",
        "DataType": "String",
        "Aggregate": "Count"
      },
      {
        "Name": "SubSystemType",
        "DataField": "subsystem_type",
        "DataType": "String",
        "Aggregate": "Count"
      },
      {
        "Name": "GlTransactionType",
        "DataField": "gl_transaction_type",
        "DataType": "String",
        "Aggregate": "Count"
      },
      {
        "Name": "DocumentDate",
        "DataField": "document_date",
        "DataType": "DateTime",
        "Aggregate": "Count"
      },
      {
        "Name": "DetailDescription",
        "DataField": "detail_description",
        "DataType": "String",
        "Aggregate": "Count"
      },
      {
        "Name": "MemoFreefield1",
        "DataField": "memo_freefield1",
        "DataType": "String",
        "Aggregate": "Count"
      },
      {
        "Name": "MemoFreefield2",
        "DataField": "memo_freefield2",
        "DataType": "String",
        "Aggregate": "Count"
      },
      {
        "Name": "Amount",
        "DataField": "amount",
        "DataType": "double",
        "Aggregate": "Count"
      }

    ]
  },
  "DataSource": {
    "Name": "ledger",
    "ConnectionProperties": {
      "ConnectString": "Driver={PostgreSQL UNICODE};Server=127.0.0.1;Port=5433;Database=ca-ledgerservice;Uid=postgres;Pwd=EP@123;",
      "DataProvider": "ODBC"
    }
  }
}