﻿<?xml version="1.0" encoding="utf-8" ?>
<ModelsMap Scope="TestScope">
	<Entity Name="GlTransaction" Table="gl_transaction" Schema="ledgerservice" >
		<Property Tag="PostDate" DbName="post_date" />
		<Property Tag="PostState" DbName="post_state" />
		<Property Tag="DocumentDate" DbName="document_date" />
		<Property Tag="Description" DbName="description" />
		<Property Tag="ReferenceGlTransactionId" DbName="reference_gl_transaction_id" />
	</Entity>
	<Entity Name="GlAccount" Table="gl_account" Schema="ledgerservice" >
		<Property Tag="DetailIdCode" DbName="detail_id_code" />
		<Property Tag="CompanyDivisionIdCode" DbName="company_division_id_code" />
		<Property Tag="CompanySubaccountIdCode" DbName="company_subaccount_id_code" />
	</Entity>
	<Entity Name="PurchaseOrderAccount" Table="purchase_order_account" Schema="po" >
		<Property Tag="DetailIdCode" DbName="detail_id_code" />
		<Property Tag="CompanyDivisionIdCode" DbName="company_division_id_code" />
		<Property Tag="CompanySubaccountIdCode" DbName="company_subaccount_id_code" />
	</Entity>
</ModelsMap>
