﻿<?xml version="1.0" encoding="utf-8" ?>
<ModelsMap Scope="TestScope">
  <Entity Name="StCompanyDivision" Table="st_company_division" Schema="importservice">
    <Property Tag="CompanyDivisionId" DbName="company_division_id" />
    <Property Tag="Details" DbName="details" />
    <Property Tag="IsCreated" DbName="is_created" />
  </Entity>
  <Entity Name="StVendor" Table="st_vendor" Schema="importservice">
    <Property Tag="VendorUuid" DbName="vendor_uuid" />
    <Property Tag="Details" DbName="details" />
    <Property Tag="IsCreated" DbName="is_created" />
  </Entity>
  <Entity Name="StCoaAccount" Table="st_coa_account" Schema="importservice">
    <Property Tag="CoaUuid" DbName="coa_uuid" />
    <Property Tag="Details" DbName="details" />
    <Property Tag="IsCreated" DbName="is_created" />
  </Entity>
  <Entity Name="StSubAccount" Table="st_sub_account" Schema="importservice">
    <Property Tag="CompanySubaccountId" DbName="company_subaccount_id" />
    <Property Tag="Details" DbName="details" />
    <Property Tag="IsCreated" DbName="is_created" />
  </Entity>
  <Entity Name="StProjectChartAccount" Table="st_projectchart_account" Schema="importservice">
    <Property Tag="CoaUuid" DbName="coa_uuid" />
    <Property Tag="Details" DbName="details" />
    <Property Tag="IsCreated" DbName="is_created" />
  </Entity>
  <Entity Name="StCustomer" Table="st_customer" Schema="importservice">
    <Property Tag="CustomerUuid" DbName="customer_uuid" />
    <Property Tag="Details" DbName="details" />
    <Property Tag="IsCreated" DbName="is_created" />
  </Entity>
  <Entity Name="StProject" Table="st_project" Schema="importservice">
    <Property Tag="ProjectUuid" DbName="project_uuid" />
    <Property Tag="Details" DbName="details" />
    <Property Tag="IsCreated" DbName="is_created" />
  </Entity>
  <Entity Name="StFiscal" Table="st_fiscal" Schema="importservice">
    <Property Tag="ProjectId" DbName="period_id" />
    <Property Tag="Details" DbName="details" />
    <Property Tag="IsCreated" DbName="is_created" />
    <Property Tag="FiscalId" DbName="st_fiscal_id" />
  </Entity>
</ModelsMap>